20210218_185139.jpg,1000d,1000d
20210218_191159.jpg,1000d,1000d
20210218_191249.jpg,1000d,1000d
20210218_194439.jpg,1000d,1000d
20210218_194444.jpg,1000d,1000d
20210218_194523.jpg,1000d,1000d
20210218_200213.jpg,1000d,1000d
20210218_200254.jpg,1000d,1000d
20210218_200837.jpg,1000d,1000d
20210218_190442.jpg,100d,100d
20210218_190448.jpg,100d,100d
20210218_190530.jpg,100d,100d
20210218_192244.jpg,100d,100d
20210218_192249.jpg,100d,100d
20210218_192344.jpg,100d,200e
20210218_194021.jpg,100d,100d
20210218_194053.jpg,100d,100d
20210218_195640.jpg,100d,100d
20210218_200816.jpg,100d,100d
20210207_004529.jpg,100e,100e
20210207_004532.jpg,100e,100e
20210207_004535.jpg,100e,100e
20210207_004540.jpg,100e,100e
20210207_004543.jpg,100e,100e
20210207_004546.jpg,100e,100e
20210207_004549.jpg,100e,100e
20210207_004555.jpg,100e,100e
20210207_004559.jpg,100e,100e
20210207_004602.jpg,100e,100e
20210207_004606.jpg,100e,100e
20210207_004613.jpg,100e,5e
20210207_004621.jpg,100e,100e
20210207_004629.jpg,100e,200e
20210207_011538.jpg,100e,100e
20210207_011548.jpg,100e,100e
20210207_011557.jpg,100e,100e
20210207_011605.jpg,100e,2000d
20210218_185905.jpg,10d,10d
20210218_185918.jpg,10d,200e
20210218_185939.jpg,10d,10d
20210218_190003.jpg,10d,10d
20210218_193526.jpg,10d,10d
20210218_193531.jpg,10d,10d
20210218_193607.jpg,10d,10d
20210218_193612.jpg,10d,10d
20210218_193617.jpg,10d,10d
20210218_200755.jpg,10d,10d
20210207_003738.jpg,10e,10e
20210207_003824.jpg,10e,10e
20210207_003828.jpg,10e,10e
20210207_003832.jpg,10e,10e
20210207_003840.jpg,10e,10e
20210207_003853.jpg,10e,10e
20210207_003904.jpg,10e,10e
20210207_003908.jpg,10e,10e
20210207_003912.jpg,10e,10e
20210207_003918.jpg,10e,100e
20210207_004017.jpg,10e,10e
20210207_011118.jpg,10e,10e
20210207_011140.jpg,10e,10e
20210207_011144.jpg,10e,10e
20210207_011153.jpg,10e,10e
20210207_011158.jpg,10e,10e
20210207_011207.jpg,10e,10e
20210207_011222.jpg,10e,10e
20210207_011234.jpg,10e,5e
20210206_204935.jpg,2000d,2000d
20210206_205326.jpg,2000d,2000d
20210218_185322.jpg,2000d,2000d
20210218_185400.jpg,2000d,2000d
20210218_185444.jpg,2000d,2000d
20210218_200305.jpg,2000d,2000d
20210218_200318.jpg,2000d,2000d
20210218_200323.jpg,2000d,2000d
20210218_200336.jpg,2000d,2000d
20210218_200344.jpg,2000d,2000d
20210218_200901.jpg,2000d,2000d
20210218_190826.jpg,200d,200d
20210218_190933.jpg,200d,200d
20210218_192447.jpg,200d,200d
20210218_192546.jpg,200d,200d
20210218_194201.jpg,200d,200d
20210218_194241.jpg,200d,100d
20210218_195938.jpg,200d,200d
20210218_195958.jpg,200d,200d
20210218_200042.jpg,200d,200d
20210218_200912.jpg,200d,200d
20210206_212550.jpg,200e,200e
20210206_212558.jpg,200e,200e
20210206_212713.jpg,200e,200e
20210206_212720.jpg,200e,200e
20210206_212742.jpg,200e,200e
20210206_212803.jpg,200e,200e
20210206_212814.jpg,200e,200e
20210206_212827.jpg,200e,200e
20210206_212835.jpg,200e,200e
20210206_212840.jpg,200e,200e
20210206_212907.jpg,200e,200e
20210206_212915.jpg,200e,200e
20210206_212923.jpg,200e,200e
20210206_212954.jpg,200e,200e
20210206_213001.jpg,200e,200e
20210206_213008.jpg,200e,200e
20210206_213015.jpg,200e,200e
20210206_213022.jpg,200e,200e
20210206_213028.jpg,200e,200e
20210206_213034.jpg,200e,200e
20210206_213039.jpg,200e,200e
20210206_213049.jpg,200e,200e
20210206_213057.jpg,200e,200e
20210206_213121.jpg,200e,200e
20210206_213128.jpg,200e,200e
20210206_213136.jpg,200e,200e
20210206_213143.jpg,200e,200e
20210206_213730.jpg,200e,200e
20210206_213736.jpg,200e,200e
20210206_213744.jpg,200e,200e
20210206_213757.jpg,200e,200e
20210206_213807.jpg,200e,200e
20210206_213816.jpg,200e,200e
20210206_213823.jpg,200e,200e
20210206_213830.jpg,200e,200e
20210206_213836.jpg,200e,200e
20210206_213845.jpg,200e,200e
20210206_213852.jpg,200e,200e
20210218_184056.jpg,20d,20d
20210218_184302.jpg,20d,20d
20210218_184337.jpg,20d,20d
20210218_184358.jpg,20d,20d
20210218_184404.jpg,20d,20d
20210218_192006.jpg,20d,20d
20210218_192014.jpg,20d,20d
20210218_192027.jpg,20d,20d
20210218_192033.jpg,20d,5e
20210218_195320.jpg,20d,20d
20210218_195324.jpg,20d,20d
20210218_195404.jpg,20d,20d
20210218_195418.jpg,20d,20d
20210218_200802.jpg,20d,20e
20210218_200802.jpg,20d,20d
20210207_004051.jpg,20e,20e
20210207_004053.jpg,20e,20e
20210207_004116.jpg,20e,20e
20210207_004121.jpg,20e,20e
20210207_004126.jpg,20e,20e
20210207_004129.jpg,20e,20e
20210207_004136.jpg,20e,20e
20210207_004139.jpg,20e,20e
20210207_004143.jpg,20e,20e
20210207_004146.jpg,20e,20e
20210207_004154.jpg,20e,5e
20210207_004222.jpg,20e,100d
20210207_011024.jpg,20e,20e
20210207_011035.jpg,20e,20e
20210207_011048.jpg,20e,200e
20210207_011055.jpg,20e,10e
20210207_011103.jpg,20e,5e
20210218_192635.jpg,500d,500d
20210218_192645.jpg,500d,500d
20210218_194305.jpg,500d,500d
20210218_194354.jpg,500d,500d
20210218_200059.jpg,500d,500d
20210218_200132.jpg,500d,500d
20210218_200831.jpg,500d,500d
20210206_212111.jpg,500e,500e
20210206_212115.jpg,500e,500e
20210206_212121.jpg,500e,500e
20210206_212124.jpg,500e,500e
20210206_212240.jpg,500e,500e
20210206_212247.jpg,500e,500e
20210206_212301.jpg,500e,500e
20210206_212314.jpg,500e,500e
20210206_212323.jpg,500e,500e
20210206_212433.jpg,500e,500e
20210206_212442.jpg,500e,500e
20210206_212450.jpg,500e,500e
20210206_212458.jpg,500e,500e
20210206_212504.jpg,500e,500e
20210206_213307.jpg,500e,500e
20210206_213343.jpg,500e,500e
20210206_213355.jpg,500e,500e
20210206_213542.jpg,500e,500e
20210218_190300.jpg,50d,50d
20210218_190305.jpg,50d,50d
20210218_190316.jpg,50d,50d
20210218_190322.jpg,50d,50d
20210218_190327.jpg,50d,50d
20210218_190400.jpg,50d,10e
20210218_192124.jpg,50d,50d
20210218_192205.jpg,50d,50d
20210218_192229.jpg,50d,50d
20210218_195426.jpg,50d,50d
20210218_195429.jpg,50d,50d
20210218_195448.jpg,50d,50d
20210218_195458.jpg,50d,50d
20210218_195501.jpg,50d,50d
20210218_195510.jpg,50d,50d
20210218_200808.jpg,50d,50d
20210207_004233.jpg,50e,50e
20210207_004248.jpg,50e,50e
20210207_004407.jpg,50e,50e
20210207_004414.jpg,50e,50e
20210207_004427.jpg,50e,5e
20210207_004439.jpg,50e,50e
20210207_004451.jpg,50e,50e
20210206_224517.jpg,5e,5e
20210206_224521.jpg,5e,5e
20210206_224701.jpg,5e,5e
20210206_224958.jpg,5e,50d
20210206_224958.jpg,5e,2000d
20210206_232524.jpg,5e,5e
20210206_232533.jpg,5e,5e
20210206_232555.jpg,5e,5e
20210206_232634.jpg,5e,5e
20210206_232642.jpg,5e,5e
20210207_003531.jpg,5e,5e
20210207_003534.jpg,5e,5e
20210207_003539.jpg,5e,5e
20210207_003543.jpg,5e,5e
20210207_003547.jpg,5e,5e
20210207_003551.jpg,5e,5e
20210207_003558.jpg,5e,5e
20210207_003620.jpg,5e,50e
20210207_005704.jpg,20e,20e
20210207_005704.jpg,50e,50e
20210207_005704.jpg,100e,100e
20210207_005719.jpg,20e,20e
20210207_005719.jpg,50e,50e
20210207_005719.jpg,100e,100e
20210207_005731.jpg,50e,50e
20210207_005731.jpg,20e,20e
20210207_005731.jpg,100e,100e
20210218_194715.jpg,500d,500d
20210218_194715.jpg,1000d,1000d
20210218_194715.jpg,2000d,2000d
